,230,235,240,245,250,255,260,265,270,275,280,285,290,295,300,305,310,315,320,325,330,335,340,345,350,355,360,365,370,375,380,385,390,395,400,405,410,415,420,425,430,435,440,445,450,455
290,,32011.207,10797.1055,6389.625,4940.85938,6400.19922,54355.6855,157584.199,52053.418,11768.7715,11721.6621,0,0,0,0,0,0,0,0,0,0,0,0,0,0,0,0,0,0,0,0,0,0,0,0,0,0,0,0,0,0,0,0,0,0,0
294,,34907.3711,16654.918,8685.92969,6835.43359,6776.84375,17238.1035,140336.736,174769.539,32221.1992,15667.8809,14179.3926,0,0,0,0,0,0,0,0,0,0,0,0,0,0,0,0,0,0,0,0,0,0,0,0,0,0,0,0,0,0,0,0,0,0
298,,42598.2148,21344.6602,10413.5117,8657.67578,9565.57031,12408.7988,53756.2695,249676.389,143593.756,24178.1348,16851.0332,15607.2988,0,0,0,0,0,0,0,0,0,0,0,0,0,0,0,0,0,0,0,0,0,0,0,0,0,0,0,0,0,0,0,0,0
302,,52951.5313,23799.207,13029.6172,12061.0234,12546.2461,15511.4355,24596.1426,146228.189,312797.881,89237.7148,22128.918,16838.1172,0,0,0,0,0,0,0,0,0,0,0,0,0,0,0,0,0,0,0,0,0,0,0,0,0,0,0,0,0,0,0,0,0
306,,56483.9727,26858.8203,17647.7422,15445.6953,16801.7031,20609.916,25740.4355,52766.416,278157.531,289376.953,61101.6934,18926.6035,16791.5508,0,0,0,0,0,0,0,0,0,0,0,0,0,0,0,0,0,0,0,0,0,0,0,0,0,0,0,0,0,0,0,0
310,,62836.8711,34210.4961,22585.3047,19290.9531,22094.0273,24648.4473,30755.3965,39344.2891,112603.203,398797.895,222193.592,33859.9961,17444.3154,21350.2354,0,0,0,0,0,0,0,0,0,0,0,0,0,0,0,0,0,0,0,0,0,0,0,0,0,0,0,0,0,0,0
314,,68967.4102,36168.4414,25886.3477,25527.0039,28116.4141,30590.6973,36951.2129,43797.9434,56295.0391,235075.705,412976.584,128720.367,23157.8828,17156.415,24789.1162,0,0,0,0,0,0,0,0,0,0,0,0,0,0,0,0,0,0,0,0,0,0,0,0,0,0,0,0,0,0
318,,74142.3398,45697.8281,32593.4883,29770.9805,33325.8711,37787.8145,43676.7559,52470.2734,57099.7383,87493.4531,355502.631,339189.135,65904.2979,20305.4053,20191.9209,0,0,0,0,0,0,0,0,0,0,0,0,0,0,0,0,0,0,0,0,0,0,0,0,0,0,0,0,0,0
322,,84806.332,49852.7891,39139.8516,37637.0273,40203.8398,45476.25,52652.4746,60708.0781,65683.8379,66320.5469,170465.766,444233.252,231439.513,29020.6602,21676.042,22143.291,0,0,0,0,0,0,0,0,0,0,0,0,0,0,0,0,0,0,0,0,0,0,0,0,0,0,0,0,0
326,,104883.551,58594.7656,46714.1328,44706.6953,48492.0391,53744.7402,62910.082,69976.4395,76081.0137,74952.2852,87346.9766,294478.936,458043.402,117321.288,28380.1367,23890.9404,24724.6699,0,0,0,0,0,0,0,0,0,0,0,0,0,0,0,0,0,0,0,0,0,0,0,0,0,0,0,0
330,,114160.895,70583.5664,59818.9102,57588.8672,58827.9258,63972.6504,72817.9219,83050.6055,87841.9629,87224.9238,82339.3281,127438.16,433393.835,395601.964,75764.0215,29920.0791,25803.8018,26896.0176,0,0,0,0,0,0,0,0,0,0,0,0,0,0,0,0,0,0,0,0,0,0,0,0,0,0,0
334,,130328.496,89064.6367,70940.3477,68568.4961,70883.7188,74883.1758,85665.2402,95439.4043,101741.252,101408.973,96236.377,89485.1875,211981.612,550990.379,275616.295,52653.5889,32079.043,27803.9883,29700.2441,0,0,0,0,0,0,0,0,0,0,0,0,0,0,0,0,0,0,0,0,0,0,0,0,0,0
338,,138537.309,103628.02,90604.0234,82689.3945,84835.8945,89212.9023,98188.3242,110303.445,117757.021,116640.484,111558.523,100104.088,105936.953,344567.384,516447.687,162889.215,44211.3594,35001.7139,31419.7007,31773.6528,0,0,0,0,0,0,0,0,0,0,0,0,0,0,0,0,0,0,0,0,0,0,0,0,0
342,,165122.223,128243.953,107392.559,101896.219,103159.449,108390.645,116682.262,126297.859,136117.848,137217.801,130712.52,117117.857,105930.642,144620.656,484718.009,400693.926,95943.6279,44869.0479,38835.6665,35163.5957,0,0,0,0,0,0,0,0,0,0,0,0,0,0,0,0,0,0,0,0,0,0,0,0,0
346,,191884.453,153847.758,133098.641,125216.477,123050.719,126015.438,135989.631,146743.137,152660.555,156775.055,151852,139077.984,124730.087,115109.972,273223.718,559706.621,271126.089,63692.542,50504.8794,43416.4668,40690.7109,0,0,0,0,0,0,0,0,0,0,0,0,0,0,0,0,0,0,0,0,0,0,0,0
350,,227678.203,179242.766,163734.238,152116.469,151237.691,149922.131,159605.572,170926.992,177468.879,180263.16,176099.723,164595.352,149502.917,135497.406,159463.938,446253.247,532931.026,151840.714,67771.4751,58024.0986,47707.8862,45006.7529,0,0,0,0,0,0,0,0,0,0,0,0,0,0,0,0,0,0,0,0,0,0,0
354,,243195.336,213028.598,196434.813,186817.41,184056.816,185068.059,189341.879,199917,206390.607,205720.85,204705.438,192773.861,177635.761,162385.725,152948.007,251188.067,591155.456,415412.649,114786.146,76758.0596,63981.2036,51288.3774,50360.6455,0,0,0,0,0,0,0,0,0,0,0,0,0,0,0,0,0,0,0,0,0,0
358,,266741.637,258568.535,242438.34,227531.078,224079.152,220455.869,225134.973,234749.479,239190.664,237419.08,235609.004,224643.553,208880.656,194861.635,180353.673,184143.304,390038.675,662392.435,285034.311,107899.923,84969.1035,69077.5103,56434.8203,0,0,0,0,0,0,0,0,0,0,0,0,0,0,0,0,0,0,0,0,0,0
362,,324392.621,294752.762,286023.809,274124.293,265731.711,264421.191,267143.717,270675.557,275327.754,272690.107,270238.99,258950.27,243352.028,229259.469,215454.437,202901.196,235544.564,550286.801,561760.627,205695.755,111670.904,91168.3018,72584.2949,59259.5786,0,0,0,0,0,0,0,0,0,0,0,0,0,0,0,0,0,0,0,0,0
366,,353993.238,336507.57,333193.559,323844.145,312487.008,307667.27,309358.881,313927.25,313409.715,308975.619,307044.783,294944.609,280064.641,266642.063,253142.68,238591.79,227992.985,320438.335,646626.545,428503.834,161645.009,115324.517,94835.874,72017.7285,60537.5811,0,0,0,0,0,0,0,0,0,0,0,0,0,0,0,0,0,0,0,0
370,,383685.133,390653.98,384461.129,381915.602,366090.309,356089.047,357300.979,358380.801,359558.098,349360.229,345610.346,332935.381,317648.863,306054.365,292605.528,278411.539,262250.218,255831.399,477325.22,640071.481,299156.983,147487.059,119356.54,93155.6123,69674.7583,61111.1553,0,0,0,0,0,0,0,0,0,0,0,0,0,0,0,0,0,0,0
374,,417429.359,435500.934,436979.297,432776.285,419296.656,410598.42,406527.248,405209.986,401968.4,392360.762,385653.848,373112.643,357687.164,347110.071,334367.215,320406.69,303370.556,283258.118,332884.07,616481.581,545479.479,214578.934,148098.558,118255.85,89484.9185,65832.165,60669.248,0,0,0,0,0,0,0,0,0,0,0,0,0,0,0,0,0,0
378,,459724.355,491876.902,491734.477,489487.523,474008.984,465517.557,460366.715,455883.953,448917.215,436467.082,430112.66,414885.793,399724.55,388580.275,377978.408,364565.196,346712.619,325075.154,313944.126,442370.719,684729.399,412994.36,195215.72,146902.318,114988.976,85112.835,65792.2305,61105.4844,0,0,0,0,0,0,0,0,0,0,0,0,0,0,0,0,0
382,,503607.008,550169.918,557469.652,547516.418,536526.27,523031.074,516733.441,509473.102,496720.334,483536.867,472704.227,458846.662,442766.025,432401.866,423182.798,410168.943,393170.764,366752.167,347691.87,353920.852,564951.206,672067.559,318532.298,183531.261,143275.5,110819.604,81698.1812,65999.6533,0,0,0,0,0,0,0,0,0,0,0,0,0,0,0,0,0
386,,558323.383,606397.992,613906.359,615395.469,594696.055,582562.398,575394.164,564554.82,551964.424,533312.131,521943.68,504789.938,488488.131,479534.306,470919.797,457460.947,439259.113,414706.923,390648.48,368716.213,409752.193,668250.76,550058.781,258276.422,177141.81,139618.859,107142.713,78103.2954,61390.46,0,0,0,0,0,0,0,0,0,0,0,0,0,0,0,0
390,,614826.719,655957.719,678684.773,673235.863,665360.266,646061.563,630609.992,618293.936,601779.527,582572.426,567006.537,548905.512,532311.878,524602.763,514696.525,501751.044,483655.28,457418.492,433432.345,406283.392,385078.703,488025.806,682156.659,422721.587,221660.246,171845.563,135324.777,100221.852,72093.5415,57484.8569,0,0,0,0,0,0,0,0,0,0,0,0,0,0,0
394,,634896.633,711283.289,727497.09,725841.859,708270.762,694845.65,680229.123,661717.006,643341.639,616535.982,603010.273,583277.082,565657.646,554852.234,547283.49,537028.321,519704.573,492956.857,467820.8,440189.237,411199.414,400665.385,589104.967,610960.308,310245.317,204539.004,163419.893,124590.263,89848.2734,65483.6423,53687.2996,0,0,0,0,0,0,0,0,0,0,0,0,0,0
398,,677525.773,740568.43,757215.855,758133.336,749564.871,737689.359,719054.207,698119.771,673239.844,646943.631,628877.555,607398.133,589923.199,581083.671,574188.497,564544.289,547606.683,520250.188,496576.384,468243.549,438776.047,407027.286,453176.455,651009.678,478252.754,249013.068,191573.209,148886.619,111825.745,79470.1699,59405.6755,0,0,0,0,0,0,0,0,0,0,0,0,0,0
402,,701407.211,768178.23,797073.125,793814.301,784469.949,772691.58,755765.266,731591.318,704748.744,671832.148,654666.57,629563.514,609712.008,602791.165,595714.803,588515.396,571885.911,545426.597,522581.871,495256.248,466544.754,431880.732,411532.068,536951.837,630345.561,357332.746,223665.493,174971.698,133566.637,98378.0383,69867.0166,53731.4463,0,0,0,0,0,0,0,0,0,0,0,0,0
406,,706095.602,805346.988,821422.742,832407.039,821945.859,813300.172,789674.924,766041.559,731986.582,699786.428,676694.406,651915.92,629245.829,622737.269,616491.776,610580.212,594226.022,569880.091,547527.734,521431.4,491295.266,458599.17,424977.523,435738.158,617748.842,543794.842,285951.438,203170.539,156829.014,119146.034,86084.0698,62259.1919,48085.5156,0,0,0,0,0,0,0,0,0,0,0,0
410,,731294.621,821370.234,851613.504,855940.465,852420.238,850914.266,828307.254,801120.975,763171.648,725056.77,698432.18,672263.473,648150.823,640474.77,634551.606,628726.681,615198.518,592143.829,570040.493,545176.88,516121.875,482811.346,448837.086,418798.549,495095.305,647740.654,417139.463,241314.357,182792.467,139590.609,104164.924,75618.7087,54278.7188,44053.3594,0,0,0,0,0,0,0,0,0,0,0
414,,754395.602,857130.898,881332.246,890507.105,891840.527,882510.145,867670.734,835324.225,792956.559,747967.91,720290.777,688700.684,662722.905,654183.762,651047.055,644066.243,633616.641,608421.681,590427.686,566959.569,538801.136,506449.562,472844.048,438573.558,425986.828,563286.492,567262.616,320472.426,211133.661,162741.304,123778.913,91906.1248,65519.3833,48328.6846,39659.76,0,0,0,0,0,0,0,0,0,0
418,,787287.68,857801.137,905918.055,917928.531,932571.027,922313.746,902527.094,866854.396,821997.984,772709.877,741591.91,704454.396,676958.23,665171.894,663448.702,658471.103,649318.457,626164.891,608262.329,586921.473,559732.826,529409.871,497660.746,462714.707,429803.255,449648.603,595868.687,453398.431,256770.411,186571,144537.732,109590.992,80183.7561,57409.5764,43845.29,36965.6155,0,0,0,0,0,0,0,0,0
422,,785763.363,884779.902,922403.352,945101.512,950125.785,948691.529,931747.324,901852.586,850932.467,798103.615,760168.07,720310.764,688765.606,677390.13,672993.532,669763.046,661026.124,640331.333,624938.805,604774.245,578245.719,550377.117,519785.329,485686.698,451097.128,423615.621,508699.897,557535.361,346134.765,214268.484,165660.886,127895.552,96378.7136,70805.0725,51428.178,40356.4885,0,0,0,0,0,0,0,0,0
426,,787190.449,896538.402,952277.504,969432.367,979648.41,974377.965,964582.307,932203.461,878496.033,817945.506,775700.408,732041.561,699239.499,686287.609,681908.011,678610.514,669458.474,652791.334,639138.375,619009.189,595178.442,569422.185,540268.431,507320.238,474564.121,441661.185,439885.215,542404.258,468414.972,264955.325,187907.998,147253.859,112717.32,85323.741,62511.0251,46137.4905,37807.5952,0,0,0,0,0,0,0,0
430,,824417.613,912196.875,966550.977,984070.09,1002331.5,1005872.97,998451.289,959059.17,903834.205,839540.273,790926.568,742564.031,706491.033,691908.72,688350.53,686060.56,676880.142,660569.344,651300.102,632010.983,609585.651,586073.502,558807.92,527396.359,496687.493,463753.526,431683.198,461971.559,532223.965,370541.581,219796.246,167509.234,130334.224,101185.446,76490.1624,55966.7629,42252.8987,35209.0001,0,0,0,0,0,0,0
434,,807385.105,929121.676,975551.148,996920.508,1024295.29,1032366.62,1027998.95,992927.828,931087.953,861676.262,807619.307,753492.42,714650.839,696404.956,693363.884,691592.602,683997.764,670132.335,659870.427,643951.788,622707.133,600983.227,574775.728,546241.842,516909.56,486327.577,449111.678,420048.95,483041.253,480230.545,285172.094,190951.938,149085.186,117655.068,91294.5984,68427.491,51203.2378,39118.595,33575.3169,0,0,0,0,0,0
438,,824676.934,931903.191,994455.445,1017859.43,1041954.27,1059664.99,1050838.71,1018175.2,957337.209,880302.908,823869.754,763109.047,722363.614,703285.869,697265.565,694789.872,688446.135,674241.084,666471.313,652651.732,635225.798,613441.874,588568.659,563192.461,534970.982,507163.285,469672.022,425552.286,411712.537,489736.511,387008.708,231070.705,169231.442,135807.071,106015.475,82549.1421,62247.0229,46859.6429,37538.9004,0,0,0,0,0,0
442,,833917.691,938308.379,1003034.05,1030288.63,1062485.97,1077927.64,1077288.2,1049547.46,984253.133,898592.096,838502.484,773853.061,726877.882,704975.022,699406.538,695719.329,690552.076,678469.889,672132.122,658904.355,643450.8,624632.189,601483.795,577451.98,551992.035,523923.414,489860.254,443921.852,395131.235,413254.622,450861.259,304875.834,194649.351,154308.464,122467.859,97205.6362,75797.2371,57243.533,43965.8988,35583.481,0,0,0,0,0
446,,847361.973,954019.57,1003432.57,1038011.39,1075249.82,1100793.09,1100337.64,1069779.32,1005044.32,921028.605,854040.129,783452.348,732602.67,707333.814,699425.067,697478.417,690816.663,680691.99,674748.608,663502.272,649098.506,633489.828,611284.796,589376.691,566020.84,541388.954,508131.536,462113.764,409215.833,370852.449,425294.851,387162.238,239670.579,171953.347,139155.12,111889.825,89355.4216,69503.5825,53107.9584,41363.4377,34193.8405,0,0,0,0
450,,853972.137,953421.047,1009996.97,1051137.53,1082203.03,1113451.42,1121244.35,1093293.58,1024348.66,934832.387,863383.947,791877.145,737280.857,711248.057,698319.039,697061.13,690301.919,680420.64,675813.91,665400.089,653775.286,636740.314,618628.394,598422.982,576445.526,553885.583,523505.089,478518.805,426192.27,372598.484,371286.399,417268.958,313279.27,196924.358,154752.844,126716.529,102362.761,81485.4503,63777.2544,49109.4717,38643.3508,32438.0981,0,0,0
454,,837478.469,952932.52,1012081.7,1044391.74,1104939.5,1126139.21,1137599.09,1110531.53,1040503.34,949708.873,873880.539,799398.346,741647.255,712168.364,698809.607,694538.623,687809.617,681077.975,674819.567,665522.771,655362.92,641999.13,624158.071,604779.793,584785.954,568091.997,536984.336,492975.99,441438.977,387869.927,348313.068,381960.712,379128.714,246422.881,173001.78,140680.266,115065.808,93157.1929,74449.3524,58330.1064,45461.6268,35877.4402,29687.1852,0,0
458,,864829.973,938490.738,1008112.64,1037424.76,1094660.25,1130789.71,1141946.63,1120221,1047258.65,954770.844,875891.633,796794.678,737185.839,706357.53,689376.044,684678.948,678489.286,671429.521,665285.125,658258.64,648105.426,635487.634,620711.828,603492.192,587548.835,569438.879,541900.454,500962.566,451416.17,398148.389,350057.588,334481.949,382004.191,319212.052,200033.084,153581.269,127544.823,104796.975,84382.5598,67973.1854,52990.6794,41477.8267,33122.7534,28049.2843,0
462,,1131293.16,908464.668,973355.438,1022718.23,1062668.42,1109780.89,1124866.31,1101929.94,1038115.71,943328.283,864633.637,783808.703,721388.098,688213.943,672093.126,663682.919,658113.936,650719.675,646474.073,640314.122,631960.569,620881.218,607906.248,592179.938,579197.752,561511.198,536999.688,499155.459,451940.73,400443.286,353059.935,314143.078,332300.557,361151.698,246642.37,167999.706,136833.773,113230.943,92920.4227,76200.7997,60242.101,46980.6611,37019.9867,30315.3836,0
466,,2019294.2,890597.027,948611.531,993211.594,1047016.18,1083826.46,1104576.49,1088457.09,1019936.92,930923.109,853062.502,769488.654,704861.506,668616.729,652791.971,644614.892,639017.322,630098.475,627696.267,621905.377,612925.346,603879.817,592173.836,580052.614,568187.737,553179.538,531559.209,496037.223,450678.756,401847.538,354947.487,313495.554,289089.562,336384.343,301499.72,194410.059,146289.797,121533.507,101878.118,83596.6003,68225.5576,53831.6893,42297.0615,33567.4244,28090.8751
470,,3764038.01,1052554.65,921430.07,975439.676,1021267.6,1072789,1093695.97,1079861.59,1016823.85,925640.309,844867.076,761210.551,695807.751,655642.921,637961.854,629809.813,622512.54,614379.092,610423.244,606247.443,598743.472,588821.257,580264.916,569921.053,560328.802,546297.842,527986.415,495029.801,450835.942,404059.15,358716.249,317411.407,279980.092,283430.212,322568.022,241038.881,161452.097,130960.262,110308.888,91908.3794,75999.1727,61698.1194,48500.0553,38297.3229,30503.4948
474,,4571204.75,1886799.33,908190.84,966453.367,1013413.68,1057269.13,1079176.29,1067676.88,1012329.12,921403.717,839358.545,755533.092,687953.407,647571.126,627140.847,616501.528,608605.229,599652.604,596311.814,592349.075,585211.752,578354.131,570249.932,560030.324,552873.097,541433.902,523930.319,492867.018,451216.275,406987.957,362249.714,321181.151,283268.938,258880.517,292396.494,285051.053,191785.581,140522.163,118261.761,100213.85,83590.8317,69122.4019,55243.0963,43781.7921,34843.4416
478,,3360318.33,3728844.54,942777.324,946602.375,996738.695,1048631.9,1071808.85,1064328.32,1005599.98,918468.967,837019.869,750438.625,683085.385,639411.856,617633.266,604101.708,596002.492,587775.54,584689.059,579599.72,571907.939,565748.975,559051.389,550388.996,543578.818,536008.473,519615.104,490403.968,451251.906,407034.138,364849.041,324956.056,287453.313,258003.704,254133.888,291259.525,236750.278,156618.631,126155.468,107615.347,91230.8281,75278.9659,62153.4047,49999.769,39669.7742
482,,1360779.08,5308433.08,1484237.07,926952.594,983582.883,1034562.06,1062907.88,1049878,998744.561,910103.098,828958.561,743128.959,675374.809,629904.167,607450.953,592376.148,583840.475,573859.691,570138.187,565008.792,559222.245,553512.499,546340.786,539623.381,534655.483,527515.032,514148.45,486622.372,449357.453,407148.893,365736.877,327481.685,291577.366,260574.682,237762.224,260777.372,269530.291,190627.502,136581.342,114539.847,98212.5925,82766.4668,68972.9784,56569.6467,45402.3818
486,,779170.844,4687330.47,3069688.85,917681.398,964961.113,1017791.85,1043083.13,1044036.5,986463.715,902892.275,821434.715,731853.475,663510.206,619839.466,595374.25,579970.7,569042.813,559178.813,554829.312,549605.022,544381.945,538404.667,533137.185,528122.249,524235.921,517947.176,505937.384,480520.386,444850.663,403671.7,365047.447,327949.957,292708.963,263301.247,236352.719,228601.948,263520.554,233548.672,156245.18,121849.042,104456.969,89125.1722,75233.9672,62742.6602,51242.5266
490,,719100.813,2297317.02,5119056.51,1156505.68,942595.309,993682.83,1025167.36,1022078.5,973241.4,889846.568,810058.285,720558.346,652991.168,603191.706,579892.141,564523.185,553331.313,544751.649,537357.179,532525.842,527426.094,522443.651,517821.05,513391.168,510911.263,506294.994,494875.89,471732.787,437964.902,399640.826,362413.828,327035.598,293253.267,263618.77,238091.29,215553.236,228616.202,254390.931,189828.208,132875.311,110452.634,94758.8324,80977.8781,68041.0212,57085.2233
494,,692869.223,891377.379,5128878.11,2419177.52,915605.992,965382.086,999241.305,997877.832,947510.928,870987.795,793430.457,706606.848,637442.559,591473.487,563335.835,546688.64,533879.403,524258.816,518710.038,513515.098,508091.182,503341.229,499052.257,496062.832,494692.521,491110.791,482586.839,460399.469,428225.027,392224.691,356607.256,323775.752,290662.019,263414.541,237843.199,213662.391,201684.541,230132.72,221185.42,153945.795,117089.364,99104.9446,85668.101,72640.5919,61837.6624
498,,684897.621,757276.688,3089728.34,4372261.09,973098.004,936093.797,970484.842,966385.254,924998.592,847813.225,772416.219,688213.09,619069.736,572065.203,545462.878,527540.765,514078.055,505229.799,497938.169,493600.332,488512.339,485443.44,481358.167,478037.976,476778.885,473762.448,466914.721,446687.915,417435.077,383162.978,349504.893,317498.374,286641.363,260197.666,235063.086,212864.707,193587.687,194460.796,224166.643,183601.948,127718.832,103499.285,89499.8473,76973.1075,65412.5187
502,,702243.719,719998.336,1208150.8,5070908.79,1673881.79,905867.707,938449.629,943403.873,899453.258,823294.295,749447.381,666269.91,598809.269,552779.915,526542.623,508206.009,494927.444,484878.751,477728.839,472793.913,468147.914,464197.627,461393.849,458731.039,457680.456,456291.481,449982.816,430954.121,404500.311,371888.811,339875.544,309394.221,281192.293,256060.751,232227.91,210722.611,191556.256,175923.208,197386.521,203398.041,148187.778,108568.393,92448.5997,80290.8268,68930.9211
506,,794450.93,686208.082,763444.117,3635261.83,3165952.12,882897.689,903668.061,904853.531,862298.828,792850.32,723568.027,643491.047,578106.473,532297.601,504845.095,487995.764,475473.655,463641.188,455650.66,451111.022,445994.688,442407.204,440414.973,438684.75,436895.923,437789.201,430907.182,414320.544,389927.148,358172.382,328162.221,300469.629,273969.167,250158.162,228394.212,206987.744,188727.207,170891.159,169554.235,196469.944,173130.195,119837.177,95479.7322,82219.9025,71744.396
510,,924940.531,680571.316,703681.238,1713246.99,4357474.81,1134166.1,870560.758,868377.49,830595.928,766085.572,694198.461,619918.064,555277.171,510123.146,483438.308,466867.819,452831.62,441085.356,434586.059,428225.813,424309.796,420607.305,418624.729,417223.18,416908.613,417241.269,412237.312,396526,372998.929,344779.27,315994.892,290568.302,264739.36,242695.219,221968.775,202212.457,184806.688,168027.207,155438.907,170237.14,183865.085,139663.728,100389.661,83926.8335,73801.6006
514,,977193.777,702562.07,661616.633,795997.75,3832583.91,2101034.2,826930.623,829897.877,796512.609,735246.328,667483.23,594566.543,530194.771,489560.457,461042.819,445376.331,431042.641,417569.992,412546.478,406464.036,401280.721,398309.132,396455.917,395513.152,396080.731,395721.243,392626.794,378236.267,355939.563,329518.944,302948.871,278925.129,254658.692,234560.849,214919.505,196622.906,179728.111,163718.69,149690.789,146859.263,170753.062,160090.821,111413.459,86260.762,74968.7961
518,,875051.547,785210.496,622659.57,677684.895,2273370.02,3363838.14,853483.352,790943.986,756946.941,698513.344,638534.365,566942.967,506070.285,466001.225,438527.672,422242.771,408481.723,397443.641,390600.833,384419.749,379737.944,376692.934,374150.792,374031.451,373907.168,375595.095,372255.28,359905.165,337671.334,313887.785,289098.511,266754.843,244324.153,225301.642,207579.894,190220.539,173964.024,158935.456,145599.712,135031.775,144072.608,164641.667,128583.107,91397.4644,75664.6265
522,,684749.023,905888.168,601081.309,633258.57,1013170.14,3714233.07,1372769.91,748497.918,721065.311,664057.596,606191.188,537900.77,481141.056,441281.4,415914.412,398920.813,385625.635,376253.725,368697.133,362179.466,357620.782,354145.92,352108.605,352180.875,352256.214,354132.668,350426.172,340372.553,319531.221,298251.26,275034.104,253675.554,233061.581,215657.135,198662.776,183015.01,167299.091,154047.19,140676.402,129108.875,123709.113,145365.998,141817.788,102252.74,77068.8841
526,,494459.473,917577.117,636208.828,590526.113,646708.77,2616187.86,2465533.79,718184.404,681018.459,628740.365,571349.838,508674.238,455858.665,418745.093,393779.503,376241.407,362669.361,352975.262,345180.508,340045.596,335291.738,331941.771,329614.16,330282.692,330444.364,331305.813,329911.127,319311.059,301407.485,280318.515,259931.409,239648.601,221075.428,204007.081,189006.673,174425.479,160448.424,147005.145,135688.544,124320.511,114541.265,119197.998,138655.492,116487.965,81770.5464
530,,423879.121,803571.43,722261.105,548570.406,600034.855,1274622.91,3239977.95,901959.391,637295.572,590744.367,539395.729,480017.348,429642.403,393355.794,370210.532,353347.232,340705.031,330697.262,323495.668,317873.652,312945.94,309966.928,308079.865,308624.664,309303.089,310541.763,308138.173,298723.137,282767.586,263531.327,244292.443,226102.224,208283.106,193543.417,178958.313,165627.137,152945.361,140736.849,129736.089,119232.502,109989.814,103331.771,119854.748,124444.821,91911.2896
534,,408140.844,592340.133,815633.324,534285.094,552773.699,655706.697,2805375.31,1657978.48,600711.221,555993.656,507473.785,451514.768,404435.376,370492.446,347035.43,331500.583,319513.861,309065.274,301790.594,297039.044,292275.735,289344.413,286297.55,287479.733,288878.902,290089.425,287443.916,279171.672,264427.166,246455.411,228871.691,212750.967,195761.884,182494.252,169136.025,157112.399,145178.597,133559.164,123179.358,113838.188,105506.489,96209.8146,99193.2289,117268.754,103727.354
538,,376961.48,450943.051,821643.848,576254.469,512415.164,563146.412,1628725.91,2637004.72,631218.926,518421.787,476504.748,422922.059,377074.348,346179.053,324560.758,309621.344,297639.688,287143.269,281415.824,276252.554,271207.852,269171.755,266759.713,266797.082,268095.981,268941.392,267438.607,259666.182,246727.184,229512.061,213937.331,198809.554,183885.892,171938.268,158748.69,148023.892,137328.449,126383.483,117124.87,108150.172,99541.1786,92504.2511,86763.2803,98145.0251,108000.928
542,,347754.43,376811.746,691448.336,661156.391,477640.777,516381.92,752991.572,2886216.75,1106129.88,485994.611,444713.131,394859.693,352720.477,322839.545,301980.183,288040.362,277171.339,267891.654,261520.369,256337.773,251653.277,249614.694,246745.104,246972.231,247986.277,248130.218,247859.193,240787.067,228429.129,212737.37,198585.967,184809.097,171946.243,160249.752,148685.254,138508.798,129015.026,119543.345,110790.105,102210.057,94488.3998,87568.4257,80680.5624,80419.9683,98089.4102
546,,329534.363,355622.785,498960.938,745693.465,467933.234,476084.742,512713.57,2011220.44,2066634.72,461326.748,413228.719,366693.15,327842.232,299791.255,280184.26,266527.403,256781.777,246907.313,241641.381,237557.441,232487.306,229163.985,227950.977,227725.833,228114.621,230471.087,228817.312,222379.128,210842.056,197311.537,183854.045,171332.074,158995.542,148317.448,138272.098,129159.158,120433.152,111800.307,103692.592,96129.3618,89101.6625,82406.7665,76129.1171,71038.6389,79410.1136
550,,304521.094,327114.012,375029.148,721311.684,517564.324,438125.488,469952.58,933737.609,2778009.96,683044.377,382098.264,340046.844,302416.737,276235.168,259224.633,246225.882,237000.38,227689.666,222340.829,218655.505,214185.724,211819.9,209691.012,208774.654,210646.324,210452.492,210027.019,204555.485,193799.406,181313.274,169286.096,158110.439,146860.477,137424.864,128352.749,120082.712,111747.675,103695.78,97060.8485,90011.3259,83408.5968,77070.9161,71484.7721,66156.2033,65152.387
554,,283460.887,297181.469,318574.566,585672.254,612104.367,407054.916,430015.127,475429.25,2319247.21,1470965.98,358185.469,314451.27,280005.399,255755.978,240970.589,228319.577,218506.855,209867.504,204417.747,200556.845,196184.316,193956.369,192163.88,191781.286,193826.331,193421.938,192865.343,187810.377,178877.128,167951.967,156298.214,145518.993,135897.599,127321.816,119085.069,111038.556,103604.928,96976.2115,90191.1299,83896.6293,77992.9569,71940.1844,66616.6722,62051.7749,57942.186
558,,262067.066,274060.477,289643.105,425420.449,693455.691,406344.588,392745.248,409975.121,1270040.76,2414419.4,466773.021,290744.625,258884.341,237536.059,221725.252,210662.476,201737.591,193618.249,188073.473,184217.595,181016.614,177350.501,175992.719,176471.388,177039.765,177436.761,177173.708,172520.297,164452.869,153425.956,144040.825,134209.282,125283.84,117199.791,109963.462,102510.322,96228.7358,89922.7589,83859.6139,78118.6658,72694.5447,67320.71,62547.1959,57886.8375,53884.1117
562,,231672.965,250041.734,271447.25,319028.371,664231.094,461819.074,360608.445,376340.668,523247.869,2569247.88,1038108.1,270015.139,238653.952,217913.12,203595.407,193189.366,186002.152,178865.442,173280.246,168973.298,165928.835,162641.657,161372.373,161937.384,162262.419,162608.34,162826.875,158428.187,150781.254,140382.475,131957.173,123530.89,114843.852,108052.986,101138.247,94582.7593,88738.0552,82509.5519,77496.1792,72593.6119,67639.6737,63157.6519,58471.3992,54003.9971,50261.3029
566,,217035.5,232559.352,245281.254,269698.172,535147.844,570639.33,338288.65,347270.736,349367.865,1742342.49,1983416.64,286955.473,220582.279,200009.412,187865.678,177177.834,170723.881,164535.785,159087.793,155124.435,151965.034,148862.509,148012.462,148148.427,148591.174,149670.067,149190.919,145085.569,137962.937,129446.486,120670.414,112959.892,105746.389,99146.8403,93023.1436,87507.8904,82027.6948,76468.5913,71585.4849,66945.813,62792.277,58401.1359,54307.358,50172.0067,46946.5372
570,,213619.992,215006.125,222017.406,243955.508,380874.25,650492.342,349741.486,320244.814,314983.934,780078.93,2542277.45,560200.006,203310.964,184304.278,172965.168,162934.158,156399.092,149677.733,145241.501,141727.921,139564.565,136492.078,135132.398,135604.038,135341.723,136145.92,136030.437,132564.377,126158.116,118217.639,110091.434,103330.479,97237.1111,90742.719,85577.7078,80733.2161,75390.4731,70713.7145,65957.9614,61760.7858,57787.3441,54283.5867,50287.3564,46439.073,43776.6176
574,,199151.609,198141.574,207735.555,220113.949,272556.594,620969.918,417425.447,294065.496,290986.295,314786.016,2119566.87,1274086.35,192463.718,169029.646,158406.368,149503.281,143469.425,137870.084,133212.469,129570.476,127120.925,124613.177,123366.736,123973.492,123752.024,124322.787,124035.125,120711.902,114324.808,107704.816,100479.765,94839.4595,88568.4958,83019.5774,78362.573,73752.2996,69483.543,64826.7296,60744.3699,57028.9053,53167.2673,49732.1899,46335.5566,43014.4987,40264.9681
578,,201242.645,181727.164,190832.574,199671.785,227350.539,485475.678,526861.568,279263.242,268822.059,256346.428,1146629.53,2086478.35,278998.212,155174.575,144918.777,136735.839,131336.194,124898.854,121515.949,118594.505,115826.073,113418.055,112921.252,112190.216,112368.586,113161.4,112873.367,109903.663,103972.743,97547.8357,91571.8025,86426.9797,80804.502,75418.5964,71316.8315,67255.4275,62996.1355,59183.5167,55936.8806,52203.374,48810.5551,45621.3115,42609.42,39796.6898,37036.094
582,,177930.559,171016.82,174227.02,185417.414,202690.137,334254.652,603058.104,292958.418,250483.02,234582.377,436491.143,2250958.31,711637.894,142675.479,131898.924,124775.874,119335.013,114507.055,111118.534,107784.161,105345.876,102377.208,102341.24,101709.329,101927.978,102610.11,102678.267,99723.1938,94431.5957,89057.7749,83459.7285,78417.9985,73294.7358,68752.8677,65079.5564,61348.4258,57744.2197,53961.4822,50897.177,47776.5786,44988.505,42195.0447,39220.0685,36772.7955,34088.6917
586,,162864.211,160104.617,161854.156,168036.414,186812.09,235535.012,570845.52,362894.094,230774.93,216915.525,222241.887,1557903.15,1475470.28,136645.027,121056.31,113416.006,108713.981,104073.437,100967.434,98310.9121,95383.9844,93840.854,93222.9312,92424.8945,92633.0635,92905.8442,92488.8521,90258.9409,85924.2388,80882.949,75775.9514,71122.4658,66712.5784,63276.4443,59191.6858,55766.4873,52635.7766,49267.7771,46370.7213,43503.6814,41033.476,38513.3353,35958.5217,33718.0308,31538.4034
590,,160760.207,142621.824,147478.57,154725.668,168856.5,193849.67,439930.709,470679.535,220920.445,203311.307,185925.551,681350.658,2030976.94,317846.661,110884.069,103658.196,98413.4502,94796.2344,91731.2715,89736.4634,87212.313,85226.4619,84662.0698,83588.9937,84237.2339,84332.2446,83344.4888,81857.0703,77729.7163,73287.686,68833.9307,64604.4302,60668.5278,57034.252,53955.6309,50599.8081,47804.9182,44716.4305,42438.4473,39714.8696,37480.7211,35041.6598,33105.7972,30739.1801,28834.1072
594,,152868.172,133203.547,135779.133,141974.199,154351.258,171893.867,298385.656,545211.199,238984.156,185538.91,169737.887,233409.002,1788270.36,1021806.38,102655.474,94570.0869,89565.5098,85979.4639,83353.3721,81590.3921,79038.1323,76968.6221,76335.3008,76021.1685,75927.3623,76471.4365,75679.3794,74043.8438,70584.1724,66143.7085,62167.0632,58519.5593,54909.9783,51623.1558,48994.2446,45977.9009,43177.6147,40793.662,38473.1492,36372.1637,33969.2034,32203.3115,30155.7102,28077.8405,26267.6992
598,,143663.559,124046.301,126015.5,132626.266,139414.059,157885.074,204633.109,509503.096,309528.25,172356.119,155507.07,140221.348,960609.474,1845449.55,164552.375,85612.2764,81511.3154,78311.5186,75438.3169,73440.3428,71274.5762,69526.0991,68667.8154,68725.3857,68521.4238,68862.9819,68721.0591,66808.4453,63826.6538,59643.4583,55979.3618,52701.6599,49596.0444,46703.7053,44026.8523,41669.9685,39055.6248,36912.0988,34781.6544,32774.9847,30884.4528,29010.1444,27401.3418,25607.0817,24072.5006
602,,121359.559,117250.836,110657.84,118997.859,129143.246,143017.219,162548.699,384649.162,410071.816,165748.396,143327.504,124787.639,300234.989,1917268.53,571866.102,78530.6943,73567.168,69578.333,67656.854,65915.3638,64673.229,63110.9331,61668.5303,61378.3506,61608.1348,61947.9312,61014.5229,60057.8472,56966.4551,53692.7996,50173.78,47307.603,44457.5281,41976.9734,39565.8025,37547.114,35433.3596,33560.1561,31161.9481,29582.7137,27872.2526,26310.964,24637.0602,23199.6463,21871.4836
606,,131266.391,103471.871,102330.246,110548.902,118073.746,131695.936,146538.523,248423.719,468310.963,184304.961,131546.943,112921.055,107808.143,1143944.39,1224984.34,99375.7109,66099.6338,62967.0283,61101.2695,59437.9014,57881.1382,56550.0381,55361.2188,55138.2549,55298.4546,55123.9048,54778.5479,53741.7427,51039.5728,47894.4438,45110.9734,42390.8518,39991.261,37734.0383,35811.7993,33704.7483,31611.5503,29989.8806,28332.2715,26763.2416,25161.9532,23630.4014,22166.5626,20957.7157,19811.0134
610,,115127.285,100151.715,95411.3906,101650.426,109632.211,119915.355,133099.52,168931.998,429642.807,247314.902,120824.162,103325.459,92096.3457,400931.087,1594135.86,313013.398,60634.8086,57232.1191,55095.0405,53638.1382,51807.8125,50821.5942,49831.5088,49555.9189,49736.1045,49344.5894,49533.5552,48138.4634,45887.731,43453.2239,40565.7842,38238.5688,35849.0842,33821.8716,31981.0122,30389.0044,28462.5081,26845.9686,25567.9153,24055.0436,22904.2119,21232.0913,20231.1044,18869.1157,17948.2917
614,,112604.879,99366.4336,90085.6836,92871.0742,99624.5586,109315.91,119940.156,137120.393,320834.67,329178.793,118841.932,94707.3926,82166.3135,101639.756,1292533.4,808331.118,60145.4736,51153.5137,49511.3608,48275.0908,46636.9624,45533.5698,44866.6851,44292.54,44448.0684,44140.293,44297.2207,43175.8472,41174.4727,38145.4109,36347.9839,34447.3867,32190.2593,30357.3472,28854.5266,27230.5271,25591.9849,24225.7147,22745.6914,21643.473,20424.7435,19299.3794,18159.9882,17137.1011,16154.1205
618,,116983.152,89248.8984,82387.5586,83020.5117,91157.0586,101401.449,109923.801,123636.471,207720.043,375839.381,139090.277,86781.0156,74551.2959,70762.9248,657467.464,1296065.73,127574.624,46337.793,44345.2515,43126.4819,41703.0259,40963.1221,40097.457,39851.2104,39655.7686,39636.7778,39708.4233,38633.5781,36761.4263,34572.5552,32722.1997,30911.3662,29002.0049,27343.4866,25865.4141,24432.7805,23040.6174,21808.5957,20397.986,19512.3302,18315.3501,17452.2864,16275.6011,15499.6788,14468.46
622,,100356.945,83408.4883,73673.918,77804.1719,84494.1719,91851.0703,99560.7324,109805.789,139501.787,346865.523,187947.855,80029.7461,69001.2617,62156.9492,207062.501,1337169.49,437388.642,42602.5723,39835.0859,38491.2373,37198.979,36750.4565,36171.5986,35894.5713,35555.7725,35276.4326,35295.6636,34501.1704,32914.2383,31039.5198,29214.9272,27512.7639,25856.3005,24431.175,23148.7617,21935.6265,20540.856,19607.1648,18422.5754,17500.1105,16551.8577,15479.6536,14654.7666,13763.0489,13110.827
626,,99143.1406,79724.2773,65506.1523,71319.5977,75501.8945,84514.6289,91890.252,100590.006,107852.455,261405.436,249556.551,78461.5391,62419.9082,54945.21,69274.9697,887963.396,963264.777,43708.3311,35569.0117,34400.4243,33181.3911,32666.6553,32324.8013,32176.3198,31683.1636,31859.6851,31555.4121,30729.9023,29327.834,27260.4597,25832.6267,24396.8184,23140.5542,21882.6313,20792.7864,19493.344,18474.0491,17546.7905,16395.8645,15548.2305,14813.2666,13931.9049,13075.7544,12259.2106,11704.1772
630,,88579.4336,67146.9336,64449.9844,63456.0117,69772.6563,76971.2402,84494.6523,91808.5488,96011.6816,168400.572,286259.354,91892.3438,56596.3633,50100.4424,48391.5449,361284.628,1315207.22,171125.684,32142.355,30634.2979,29506.4443,28845.7021,28745.6416,28492.2231,28235.3198,28017.5005,28143.3672,27242.3999,25966.3481,24488.896,22868.7153,21624.156,20485.5374,19314.0232,18358.0654,17316.2429,16447.8496,15435.2742,14580.5721,13665.5282,13090.4442,12447.9329,11645.4388,10958.5861,10334.4534
634,,81857.0742,63721.1719,57442.8945,58867.9922,63130.582,70550.0781,78494.3887,83729.3555,85178.0664,106381.096,266387.873,128321.236,51654.7363,45847.7969,42398.9395,92453.2539,1149059.15,579950.421,29977.8521,27187.188,26157.5454,25519.9854,25256.0801,24858.7148,24843.1543,24789.6362,24643.0781,24036.668,23025.6001,21413.9182,20156.2056,19151.9199,18187.7305,17093.4141,16320.2917,15328.5852,14549.1594,13705.0225,12934.837,12154.2069,11637.2137,11092.9476,10453.999,9704.25604,9228.323
638,,75718.0156,59967.9063,53531.8945,53097.0039,57798.7266,65413.2305,70175.2637,75514.8926,77556.707,79514.623,201681.553,177412.844,50785.0547,41725.1396,37687.4082,38421.9121,611583.883,1023469.24,67765.4614,24339.7817,23212.4683,22772.2085,22305.5537,22005.356,22091.5532,22174.4985,21649.6196,21245.0796,20282.2319,19030.7969,17884.282,16931.9219,16159.6702,15384.0767,14391.3535,13558.5876,12919.0193,12202.2991,11519.0016,10890.7079,10345.3521,9734.82275,9219.78955,8607.8512,8096.77319
642,,76507.8359,56270.8086,51390.5664,50203.043,54499.2813,58920.4258,64773.4043,68752.0645,70758.873,69492.0762,130613.867,209107.928,61396.7412,38374.3535,34375.7676,32374.4443,174223.297,1064193.51,293940.239,22386.9282,20646.4683,20106.0737,19679.5,19440.3149,19600.5522,19473.3506,18929.9092,18665.4531,17822.7754,16906.2305,15902.7356,14925.8333,14222.2971,13326.9373,12780.0569,12034.032,11451.3083,10807.1074,10191.9136,9645.06653,9009.5321,8543.27698,8231.24438,7632.38556,7125.83899
646,,69338.3945,51375.8398,43920.9648,46420.3008,49661.1016,53821.3594,59611.541,64194.5645,65667.4961,63167.4414,81763.2207,200178.123,88529.8154,35114.4443,31300.749,28880.6973,34837.5488,640370.391,676067.794,35768.7002,18260.9404,17371.8154,17204.0522,17063.1177,17208.8447,17239.6646,16719.1841,16471.6704,15690.7803,14860.1626,13870.6558,13115.2205,12418.6345,11741.9421,11291.4248,10663.5442,10071.5339,9498.67395,8958.65112,8533.9657,7964.31177,7577.0675,7186.77271,6744.16296,6293.99969
650,,68606.1523,48163.9453,43600.5938,44605.5703,45191.4063,49978.5391,53867.0391,59177.6074,60415.0293,57818.252,59239.7656,154555.658,126169.552,34619.1221,29017.8994,26328.2607,26557.1709,195354.38,894929.584,165126.398,16631.1885,15525.5991,15212.4639,15156.3242,15041.1392,15312.5625,15104.0503,14623.6167,13895.2378,12928.9849,12062.0544,11686.4368,11011.5989,10281.8521,9999.4624,9515.24146,8837.42041,8348.27722,7930.34485,7613.7196,7047.12854,6692.88745,6361.703,5997.763,5706.31531
654,,65905.0977,47301.4219,40199.5977,39042.918,42504.7031,46686.084,51685.6289,55996.418,56644.8887,54399.7734,51406.6406,99428.334,154167.76,43201.8193,27247.5469,24651.5762,23184.1992,33695.6758,698764.14,447854.114,18053.8813,14238.2002,13685.9941,13439.4355,13462.6138,13607.0518,13700.8408,13001.4727,12306.3438,11507.9736,10983.2588,10438.7454,9912.37598,9337.55835,8960.2417,8486.64502,8041.89575,7596.12805,7094.57019,6752.12769,6323.84961,6080.45825,5631.84595,5345.96283,5082.44928
658,,63465.0273,48433.0781,38969.2031,38505.8945,40617.0938,43255.248,48472.416,51415.1055,52648.6855,51285.9043,47187.4141,61452.4922,149991.343,65955.1455,25791.1133,23215.8799,21228.9434,21537.1484,327047.314,694197.299,58734.9902,13094.0571,12344.0596,12049.0234,12069.623,12256.7407,12351.1016,11739.4429,11058.3335,10542.9395,10039.3442,9320.10791,8931.16309,8561.3606,7902.13794,7614.55298,7263.45776,6748.04565,6313.71838,5972.54419,5684.22729,5307.375,5145.58398,4816.56293,4574.8205
662,,63866.6094,44315.9922,35979.7734,35030.3008,37512.7305,40996.918,45124.7461,48980.1895,48947.2813,48613.0742,44827.7441,44565.0488,116130.688,95221.7949,26252.4727,21890.2734,20175.8213,18697.2607,88730.7471,673441.667,229483.283,12142.9316,11184.9883,10812.6133,10788.251,10976.834,11125.0952,10714.791,10010.7236,9389.25464,9007.35327,8422.89087,7962.48535,7676.66626,7207.66675,6894.44263,6533.91919,6127.27856,5724.77649,5428.56238,5105.14771,4776.27881,4534.08398,4369.37781,4110.90009
666,,56136.4883,40511.9023,35617.7773,34762.4727,35068.3594,38533.2695,42260.877,45463.8691,46391.9707,44966.9023,41851.4844,38368.3691,76798.8057,117850.369,32696.8857,20723.6309,18953.5342,16836.4687,24007.6807,411738.762,486769.212,14295.7759,10298.5776,9743.32666,9827.98535,9947.30371,9865.52637,9687.64014,9013.67627,8354.09229,8152.41382,7514.63379,7136.81445,6877.27246,6545.56104,6234.65601,5878.73218,5668.51904,5215.94824,4898.39709,4687.44617,4297.1095,4049.28992,3896.97009,3646.41962
670,,54138.7266,38340.6875,33490.0391,33289.4062,32827.0039,37145.2539,38814.1016,43071.209,43872.9082,42325.6406,39596.166,35804.6367,47886.0098,117275.68,48706.6064,19727.5273,17938.5547,16078.5576,15952.2739,151132.414,611139.311,85323.6909,9400.16797,8782.51611,8656.61719,8761.1792,8773.8623,8628.1001,8188.65674,7621.89404,7243.56909,6757.33301,6541.86475,6181.45313,5937.64233,5587.74805,5318.58252,5004.2843,4700.5116,4382.698,4193.71863,3970.42627,3581.99316,3461.71051,3202.35559
674,,54249.7969,39645.375,31781.5352,31220.8594,32581.1406,34721.1582,37195.873,40319.4766,40965.2305,40442.1191,37850.0449,33720.3125,33837.7773,92256.0293,70516.126,20356.8643,16922.6533,15199.043,13938.9683,33587.0625,469186.527,350055.236,9191.35156,7881.69482,7770.22754,7896.29639,7783.08496,7669.104,7285.72314,6688.13037,6366.13892,6134.70605,5888.43823,5542.14868,5281.40894,4994.82715,4702.75903,4339.00305,4261.13379,3910.68188,3671.61462,3524.82739,3220.97241,3130.73517,2949.2561
678,,57642.043,38516.5156,31020.1992,29368.7813,30814.5313,31798.1992,35696.3848,37723.8633,38750.9434,37213.2109,35259.8477,31574.7129,29220.0732,61415.5576,86877.5322,24791.957,16142.8887,14529.0713,13001.082,13399.0552,215025.343,620942.253,37745.6016,7275.59277,7049.1377,6903.21533,6885.01709,6846.08691,6493.09668,5931.93408,5654.71753,5459.73389,5130.59619,4753.84814,4654.73633,4495.5625,4165.08862,3992.37109,3698.43933,3501.97656,3216.81177,3156.52649,2932.69592,2785.37775,2654.13739
682,,56223.0234,41061.6719,29458.3398,27967.8242,28752.5391,29599.2012,33005.2539,34701.582,36643.9043,35650.2773,33346.2031,30095.7402,27048.3428,37955.2988,87627.1563,35249.7002,15491.918,13726.9443,12446.4136,11576.3892,55085.3105,608083.042,163413.258,6809.87988,6212.87451,6160.37012,5999.66504,6090.7207,5769.97217,5289.00952,5041.80054,4747.25513,4616.79492,4414.19116,4155.85059,3969.78784,3753.85571,3396.00916,3311.91907,3129.27087,2928.94604,2745.0282,2554.6543,2415.9856,2374.36414
686,,50446.043,35032.6406,28551.5,26727.0859,27173.6875,28889.7891,31298.0957,33181.7285,34491.2656,33158.8437,31789.584,28764.6914,25477.252,26308.5381,72126.5,50761.498,16022.9004,13149.9863,11910.5322,10574.5952,12415.6045,317301.08,330424.744,12500.1533,5549.52344,5273.44824,5328.55273,5275.53857,5038.92529,4735.59131,4415.61255,4140.37939,3944.82324,3740.40405,3569.25488,3478.20239,3231.38843,3106.21887,2896.92786,2744.10132,2616.46851,2422.21606,2268.77979,2156.89392,2079.03821
690,,45311,33356.2656,29264.6602,26793.0234,25084.4688,26804.2871,29475.7168,31552.8398,32041.8633,31195.7598,30192.4902,27339.6074,24408.5859,22758.5771,49648.4453,63529.6123,18844.8701,12866.5273,11429.6929,10020.9702,9726.57959,86318.5879,389894.353,60490.9009,5099.1958,4715.08838,4644.1543,4619.29004,4415.45557,4363.71509,3966.77759,3630.68726,3429.87183,3349.55322,3157.19067,3053.69116,2883.90918,2675.82043,2521.73706,2403.25684,2227.60229,2164.1427,1971.25427,1934.60437,1813.2403
694,,49108.6172,35072.5664,27269.9766,25184.0469,24847.707,25291.3281,27266.543,28736.1855,29252.1211,29262.6191,27904.3457,25572.1113,22965.001,20926.4053,31785.8516,64535.8145,26019.2422,12450.2891,11065.7085,9712.9458,8696.19629,13791.0322,281277.859,170056.633,5478.79053,4182.09521,4130.4541,4057.84473,3888.33203,3675.91846,3493.02759,3166.03906,2936.41699,2932.41895,2783.42578,2646.31689,2546.77295,2360.16724,2184.66711,2124.92993,2025.21289,1892.02393,1776.7428,1695.64233,1582.5191
698,,53963.5039,32849.625,27697.6055,24020.3398,23420.332,24448.3496,25044.998,27091.084,27373.5098,27454.8047,26290.1914,23965.1563,21639.8447,19664.7725,21817.9932,54055.7539,36565.5967,12533.5078,10523.249,9424.88184,8173.85254,8163.479,123604.445,269729.627,18497.3823,3984.59131,3636.47217,3520.68359,3342.06299,3298.4082,2995.75024,2802.15576,2636.97192,2528.27393,2451.92041,2314.72729,2194.25391,2122.12109,1935.54993,1846.87915,1789.11047,1626.8208,1525.53162,1512.23041,1376.31781
702,,57889.3086,36188.1172,25188.7422,24483.2187,22446.4102,23716.4805,24305.5215,24581.4121,26170.9551,25365.9805,24717.1777,23274.3848,20640.2646,18433.1582,18143.8828,38895.8994,44312.457,14559.8281,10405.7124,9261.57227,7674.18262,7456.64453,31668.9741,259804.975,52454.6436,3647.6626,3303.64355,3299.52393,3048.4541,2796.60229,2639.06006,2476.10352,2400.11182,2257.39087,2106.0249,2182.13892,2008.44507,1883.49585,1728.03125,1624.74536,1590.05322,1433.99463,1341.74304,1446.04913,1251.47937
